filename,Iou,DC,PA,TP,TN,FPN
FG_Counting-Fingers_BG_Complex_fg_0.jpg,0.9410176066269227,0.9696126438154385,0.992637924382716,243557,1814777,15266
