filename,Iou,DC,PA,TP,TN,FPN
FG_Counting-Fingers_BG_Complex_fg_0.jpg,0.9410176066269227,0.9696126438154385,0.992637924382716,243557,1814777,15266
FG_Counting-Fingers_BG_Complex_fg_1.jpg,0.9462796402289452,0.9723984371717851,0.9933463541666666,243033,1816770,13797
